doc_field_code,doc_fieldname,upstream_kgCO2e_bbl,setback_scenario,area_coverage,capex_2020,opex_2020,mean_prod
008,Alegria Offshore (ABD),36.7594699726481,setback_1000,0,5.52865,70.73613,0
008,Alegria Offshore (ABD),36.7594699726481,setback_2500,0,5.52865,70.73613,0
008,Alegria Offshore (ABD),36.7594699726481,setback_5280,0,5.52865,70.73613,0
010,Aliso Canyon,37.4472582707651,setback_1000,0.0120756981798757,0.0254972,14.83667,99470.3705700256
010,Aliso Canyon,37.4472582707651,setback_2500,0.0908357807885002,0.0254972,14.83667,99470.3705700256
010,Aliso Canyon,37.4472582707651,setback_5280,0.465682264865368,0.0254972,14.83667,99470.3705700256
012,Alondra (ABD),36.7594699726481,setback_1000,0.857967145835976,2.390623,14.9211,0
012,Alondra (ABD),36.7594699726481,setback_2500,1,2.390623,14.9211,0
012,Alondra (ABD),36.7594699726481,setback_5280,1,2.390623,14.9211,0
018,Ant Hill,72.6739244068758,setback_1000,0.557165280990775,3.327977,28.89954,27043.5278485737
018,Ant Hill,72.6739244068758,setback_2500,0.917887784332521,3.327977,28.89954,27043.5278485737
018,Ant Hill,72.6739244068758,setback_5280,1,3.327977,28.89954,27043.5278485737
020,Antelope Hills,20.3386052333131,setback_1000,0,3.327977,28.89954,95923.3533168662
020,Antelope Hills,20.3386052333131,setback_2500,0,3.327977,28.89954,95923.3533168662
020,Antelope Hills,20.3386052333131,setback_5280,0,3.327977,28.89954,95923.3533168662
022,Antelope Hills  North,107.547314521564,setback_1000,0,3.026333,14.19344,271711.968391536
022,Antelope Hills  North,107.547314521564,setback_2500,0,3.026333,14.19344,271711.968391536
022,Antelope Hills  North,107.547314521564,setback_5280,0,3.026333,14.19344,271711.968391536
028,Arroyo Grande,183.426272636072,setback_1000,0.059236211589797,2.268083,14.00024,521122.0032
028,Arroyo Grande,183.426272636072,setback_2500,0.257928102598683,2.268083,14.00024,521122.0032
028,Arroyo Grande,183.426272636072,setback_5280,0.616285914162585,2.268083,14.00024,521122.0032
032,Asphalto,44.0585666716684,setback_1000,0,6.86736483333333,22.6406183333333,182521.146335886
032,Asphalto,44.0585666716684,setback_2500,0,6.86736483333333,22.6406183333333,182521.146335886
032,Asphalto,44.0585666716684,setback_5280,0.0407811472230436,6.86736483333333,22.6406183333333,182521.146335886
034,Bandini,22.5591973679677,setback_1000,0.429849849639135,2.390623,14.9211,6571.55589456366
034,Bandini,22.5591973679677,setback_2500,0.914612673339357,2.390623,14.9211,6571.55589456366
034,Bandini,22.5591973679677,setback_5280,1,2.390623,14.9211,6571.55589456366
036,Bardsdale,28.413485722966,setback_1000,0.414471566444001,9.586019,29.364,174257.417544711
036,Bardsdale,28.413485722966,setback_2500,0.771126791710063,9.586019,29.364,174257.417544711
036,Bardsdale,28.413485722966,setback_5280,0.986094001144932,9.586019,29.364,174257.417544711
038,Barham Ranch,25.5872775515875,setback_1000,0,2.268083,14.00024,86168.8
038,Barham Ranch,25.5872775515875,setback_2500,0,2.268083,14.00024,86168.8
038,Barham Ranch,25.5872775515875,setback_5280,0,2.268083,14.00024,86168.8
040,Beer Nose,23.6694934352949,setback_1000,0,16.09738,20.31043,6533.56054343078
040,Beer Nose,23.6694934352949,setback_2500,0.015325569649686,16.09738,20.31043,6533.56054343078
040,Beer Nose,23.6694934352949,setback_5280,0.693167807371899,16.09738,20.31043,6533.56054343078
042,Belgian Anticline,31.0378218821032,setback_1000,0.0357793841153568,16.09738,20.31043,32169.4008880022
042,Belgian Anticline,31.0378218821032,setback_2500,0.106476641081039,16.09738,20.31043,32169.4008880022
042,Belgian Anticline,31.0378218821032,setback_5280,0.199403519547694,16.09738,20.31043,32169.4008880022
044,Bellevue,42.9482706043412,setback_1000,0.820026065341444,16.09738,20.31043,26638.8762728258
044,Bellevue,42.9482706043412,setback_2500,0.99260241125411,16.09738,20.31043,26638.8762728258
044,Bellevue,42.9482706043412,setback_5280,1,16.09738,20.31043,26638.8762728258
046,Bellevue  West,15.3927409334008,setback_1000,0.799678764505724,9.14688333333333,21.7920233333333,28751.5824728698
046,Bellevue  West,15.3927409334008,setback_2500,0.998149247920488,9.14688333333333,21.7920233333333,28751.5824728698
046,Bellevue  West,15.3927409334008,setback_5280,1,9.14688333333333,21.7920233333333,28751.5824728698
048,Belmont Offshore,33.8135620504214,setback_1000,0,2.814888,19.698835,464695.631630792
048,Belmont Offshore,33.8135620504214,setback_2500,0,2.814888,19.698835,464695.631630792
048,Belmont Offshore,33.8135620504214,setback_5280,0.143424326576253,2.814888,19.698835,464695.631630792
050,Belridge  North,31.7948419280081,setback_1000,0,13.6001,15.31365,1948829.64270762
050,Belridge  North,31.7948419280081,setback_2500,0,13.6001,15.31365,1948829.64270762
050,Belridge  North,31.7948419280081,setback_5280,0,13.6001,15.31365,1948829.64270762
052,Belridge  South,96.5401434926694,setback_1000,0,8.046587125,21.90994875,21406825.5126111
052,Belridge  South,96.5401434926694,setback_2500,0.00246206672716934,8.046587125,21.90994875,21406825.5126111
052,Belridge  South,96.5401434926694,setback_5280,0.0340454754565164,8.046587125,21.90994875,21406825.5126111
054,Beverly Hills,32.2995219586114,setback_1000,0.98845530467069,3.0912935,19.514425,482269.228912053
054,Beverly Hills,32.2995219586114,setback_2500,1,3.0912935,19.514425,482269.228912053
054,Beverly Hills,32.2995219586114,setback_5280,1,3.0912935,19.514425,482269.228912053
056,Big Mountain,26.2433615913718,setback_1000,0,9.586019,29.364,18502.5104506993
056,Big Mountain,26.2433615913718,setback_2500,0,9.586019,29.364,18502.5104506993
056,Big Mountain,26.2433615913718,setback_5280,0,9.586019,29.364,18502.5104506993
058,Bitterwater,36.7594699726481,setback_1000,0.0719482171186624,4.635805,13.59492,1831.82749048219
058,Bitterwater,36.7594699726481,setback_2500,0.414785639781686,4.635805,13.59492,1831.82749048219
058,Bitterwater,36.7594699726481,setback_5280,0.943128980788365,4.635805,13.59492,1831.82749048219
060,Blackwells Corner,19.6825211935289,setback_1000,0,9.7126785,24.604985,13976.7844541137
060,Blackwells Corner,19.6825211935289,setback_2500,0,9.7126785,24.604985,13976.7844541137
060,Blackwells Corner,19.6825211935289,setback_5280,0,9.7126785,24.604985,13976.7844541137
066,Bowerbank,36.7594699726481,setback_1000,0.0534615854885874,5.6754975,24.052935,0
066,Bowerbank,36.7594699726481,setback_2500,0.173855644706588,5.6754975,24.052935,0
066,Bowerbank,36.7594699726481,setback_5280,0.46049046401818,5.6754975,24.052935,0
070,Brea-Olinda,23.215281407752,setback_1000,0.545603982619582,4.33283366666667,17.2818933333333,1025520.48848847
070,Brea-Olinda,23.215281407752,setback_2500,0.799221611159639,4.33283366666667,17.2818933333333,1025520.48848847
070,Brea-Olinda,23.215281407752,setback_5280,1,4.33283366666667,17.2818933333333,1025520.48848847
072,Brentwood,36.7594699726481,setback_1000,0.408264896214618,4.635805,13.59492,25405.1719793274
072,Brentwood,36.7594699726481,setback_2500,0.809844701080185,4.635805,13.59492,25405.1719793274
072,Brentwood,36.7594699726481,setback_5280,0.989578355247565,4.635805,13.59492,25405.1719793274
080,Buena Vista,39.3650423870577,setback_1000,0.0154087017495303,4.146192,28.4582166666667,1150356.02267718
080,Buena Vista,39.3650423870577,setback_2500,0.0346072342519898,4.146192,28.4582166666667,1150356.02267718
080,Buena Vista,39.3650423870577,setback_5280,0.106987057941986,4.146192,28.4582166666667,1150356.02267718
084,Burrel,183.703531139603,setback_1000,0.171809218940014,16.09738,20.31043,11841.4
084,Burrel,183.703531139603,setback_2500,0.539693482822616,16.09738,20.31043,11841.4
084,Burrel,183.703531139603,setback_5280,0.994319003584738,16.09738,20.31043,11841.4
086,Burrel  Southeast,36.7594699726481,setback_1000,0.0174998547361786,16.09738,20.31043,0
086,Burrel  Southeast,36.7594699726481,setback_2500,0.24266831771081,16.09738,20.31043,0
086,Burrel  Southeast,36.7594699726481,setback_5280,0.981178624466342,16.09738,20.31043,0
091,Cabrillo,31.7948419280081,setback_1000,0.32562163525744,0.0254972,14.83667,15812
091,Cabrillo,31.7948419280081,setback_2500,0.60677541806065,0.0254972,14.83667,15812
091,Cabrillo,31.7948419280081,setback_5280,0.973897255449974,0.0254972,14.83667,15812
096,Calders Corner,36.7594699726481,setback_1000,0.287596445186303,9.14688333333333,21.7920233333333,55.2
096,Calders Corner,36.7594699726481,setback_2500,0.693981805711984,9.14688333333333,21.7920233333333,55.2
096,Calders Corner,36.7594699726481,setback_5280,1,9.14688333333333,21.7920233333333,55.2
100,Camden,36.7594699726481,setback_1000,0.031488823254699,16.09738,20.31043,338.4
100,Camden,36.7594699726481,setback_2500,0.147972626074298,16.09738,20.31043,338.4
100,Camden,36.7594699726481,setback_5280,0.413903550855881,16.09738,20.31043,338.4
102,Canada Larga,36.7594699726481,setback_1000,0,4.8057581,22.100335,658.8
102,Canada Larga,36.7594699726481,setback_2500,0,4.8057581,22.100335,658.8
102,Canada Larga,36.7594699726481,setback_5280,0,4.8057581,22.100335,658.8
104,Canal,34.3182420810247,setback_1000,0,16.09738,20.31043,15878.5245430823
104,Canal,34.3182420810247,setback_2500,0,16.09738,20.31043,15878.5245430823
104,Canal,34.3182420810247,setback_5280,0,16.09738,20.31043,15878.5245430823
106,Canfield Ranch,27.7574016831817,setback_1000,0.21893669929546,11.046566,22.058285,80370.6847109774
106,Canfield Ranch,27.7574016831817,setback_2500,0.399725548847676,11.046566,22.058285,80370.6847109774
106,Canfield Ranch,27.7574016831817,setback_5280,0.622144617441902,11.046566,22.058285,80370.6847109774
110,Canton Creek (ABD),36.7594699726481,setback_1000,0,0.0254972,14.83667,0
110,Canton Creek (ABD),36.7594699726481,setback_2500,0,0.0254972,14.83667,0
110,Canton Creek (ABD),36.7594699726481,setback_5280,0,0.0254972,14.83667,0
113,Cantua Nueva (ABD),36.7594699726481,setback_1000,0,11.1254245,17.2161025,0
113,Cantua Nueva (ABD),36.7594699726481,setback_2500,0,11.1254245,17.2161025,0
113,Cantua Nueva (ABD),36.7594699726481,setback_5280,0,11.1254245,17.2161025,0
114,Capitan (ABD),36.7594699726481,setback_1000,0,3.824006,81.35283,0
114,Capitan (ABD),36.7594699726481,setback_2500,0,3.824006,81.35283,0
114,Capitan (ABD),36.7594699726481,setback_5280,0,3.824006,81.35283,0
115,Capitola Park (ABD),36.7594699726481,setback_1000,0,7.64005775,21.228505,0
115,Capitola Park (ABD),36.7594699726481,setback_2500,0,7.64005775,21.228505,0
115,Capitola Park (ABD),36.7594699726481,setback_5280,0,7.64005775,21.228505,0
116,Careaga Canyon,36.7594699726481,setback_1000,0.108149205296089,2.268083,14.00024,5183
116,Careaga Canyon,36.7594699726481,setback_2500,0.385931741594725,2.268083,14.00024,5183
116,Careaga Canyon,36.7594699726481,setback_5280,0.949660766236785,2.268083,14.00024,5183
117,Carneros Creek,27.7574016831817,setback_1000,0,16.09738,20.31043,16348.9729220782
117,Carneros Creek,27.7574016831817,setback_2500,0,16.09738,20.31043,16348.9729220782
117,Carneros Creek,27.7574016831817,setback_5280,0,16.09738,20.31043,16348.9729220782
118,Carpinteria Offshore (ABD),36.7594699726481,setback_1000,0,4.8057581,22.100335,0
118,Carpinteria Offshore (ABD),36.7594699726481,setback_2500,0,4.8057581,22.100335,0
118,Carpinteria Offshore (ABD),36.7594699726481,setback_5280,0,4.8057581,22.100335,0
120,Cascade,20.6918812547355,setback_1000,0.347501075036402,0.0254972,14.83667,118290
120,Cascade,20.6918812547355,setback_2500,0.699490215474829,0.0254972,14.83667,118290
120,Cascade,20.6918812547355,setback_5280,0.99999635464694,0.0254972,14.83667,118290
122,Casmalia,41.8884425400742,setback_1000,0.0487990632906531,2.268083,14.00024,131556.4
122,Casmalia,41.8884425400742,setback_2500,0.201347938602052,2.268083,14.00024,131556.4
122,Casmalia,41.8884425400742,setback_5280,0.442792905904228,2.268083,14.00024,131556.4
124,Castaic Hills,19.6825211935289,setback_1000,0.890152607377634,0.0254972,14.83667,6325.2
124,Castaic Hills,19.6825211935289,setback_2500,1,0.0254972,14.83667,6325.2
124,Castaic Hills,19.6825211935289,setback_5280,1,0.0254972,14.83667,6325.2
126,Castaic Junction (ABD),36.7594699726481,setback_1000,0.00269842184080822,1.6323251,19.65662,0
126,Castaic Junction (ABD),36.7594699726481,setback_2500,0.0906681139378692,1.6323251,19.65662,0
126,Castaic Junction (ABD),36.7594699726481,setback_5280,0.45388450427123,1.6323251,19.65662,0
128,Cat Canyon,26.9296189742709,setback_1000,0.0337601746130571,2.268083,14.00024,1327031
128,Cat Canyon,26.9296189742709,setback_2500,0.128430110574762,2.268083,14.00024,1327031
128,Cat Canyon,26.9296189742709,setback_5280,0.315129713818604,2.268083,14.00024,1327031
130,Chaffee Canyon,36.7594699726481,setback_1000,0,9.586019,29.364,1480.4
130,Chaffee Canyon,36.7594699726481,setback_2500,0.0699631917021611,9.586019,29.364,1480.4
130,Chaffee Canyon,36.7594699726481,setback_5280,0.54300248965458,9.586019,29.364,1480.4
136,Cheviot Hills,24.2246414689586,setback_1000,0.861756916802402,2.390623,14.9211,39054.9793239006
136,Cheviot Hills,24.2246414689586,setback_2500,1,2.390623,14.9211,39054.9793239006
136,Cheviot Hills,24.2246414689586,setback_5280,1,2.390623,14.9211,39054.9793239006
140,Chico-Martinez,191.555968930191,setback_1000,0,9.7126785,24.604985,82533.4854499846
140,Chico-Martinez,191.555968930191,setback_2500,0.130976601472525,9.7126785,24.604985,82533.4854499846
140,Chico-Martinez,191.555968930191,setback_5280,0.70196650917087,9.7126785,24.604985,82533.4854499846
142,Chino-Soquel,36.7594699726481,setback_1000,0.103896134372426,4.33283366666667,17.2818933333333,584.8
142,Chino-Soquel,36.7594699726481,setback_2500,0.65342012436317,4.33283366666667,17.2818933333333,584.8
142,Chino-Soquel,36.7594699726481,setback_5280,1,4.33283366666667,17.2818933333333,584.8
146,Cienaga Canyon,39.3650423870577,setback_1000,0,16.09738,20.31043,15004
146,Cienaga Canyon,39.3650423870577,setback_2500,0,16.09738,20.31043,15004
146,Cienaga Canyon,39.3650423870577,setback_5280,0,16.09738,20.31043,15004
150,Coalinga,148.366957367681,setback_1000,0.0509185729593889,11.1254245,17.2161025,6335079.26723582
150,Coalinga,148.366957367681,setback_2500,0.11246961839531,11.1254245,17.2161025,6335079.26723582
150,Coalinga,148.366957367681,setback_5280,0.249846539975954,11.1254245,17.2161025,6335079.26723582
152,Coalinga  East  Extension,36.7594699726481,setback_1000,0,10.2469675,17.518345,3803
152,Coalinga  East  Extension,36.7594699726481,setback_2500,0.00501694607546046,10.2469675,17.518345,3803
152,Coalinga  East  Extension,36.7594699726481,setback_5280,0.0441135179243642,10.2469675,17.518345,3803
156,Coles Levee  North,26.2433615913718,setback_1000,0.0154347023781402,4.172484,23.2804,143551.32189915
156,Coles Levee  North,26.2433615913718,setback_2500,0.0483933034564761,4.172484,23.2804,143551.32189915
156,Coles Levee  North,26.2433615913718,setback_5280,0.138375487729238,4.172484,23.2804,143551.32189915
158,Coles Levee  South,32.2995219586114,setback_1000,0,3.026333,14.19344,55246
158,Coles Levee  South,32.2995219586114,setback_2500,0,3.026333,14.19344,55246
158,Coles Levee  South,32.2995219586114,setback_5280,0,3.026333,14.19344,55246
160,Comanche Point,35.3276021422313,setback_1000,0,0.0254972,14.83667,15854.4
160,Comanche Point,35.3276021422313,setback_2500,0,0.0254972,14.83667,15854.4
160,Comanche Point,35.3276021422313,setback_5280,0.00071139148411328,0.0254972,14.83667,15854.4
178,Coyote  East,35.3276021422313,setback_1000,0.841462335012337,3.380357,11.40076,206864.186854369
178,Coyote  East,35.3276021422313,setback_2500,0.999666707718292,3.380357,11.40076,206864.186854369
178,Coyote  East,35.3276021422313,setback_5280,1,3.380357,11.40076,206864.186854369
180,Coyote  West (ABD),36.7594699726481,setback_1000,0.456369063118018,5.303939,18.46229,0
180,Coyote  West (ABD),36.7594699726481,setback_2500,0.884180079220004,5.303939,18.46229,0
180,Coyote  West (ABD),36.7594699726481,setback_5280,1,5.303939,18.46229,0
188,Cuyama  South,74.692644529289,setback_1000,0.03198567392808,7.64005775,21.228505,177178.56651908
188,Cuyama  South,74.692644529289,setback_2500,0.133253119233252,7.64005775,21.228505,177178.56651908
188,Cuyama  South,74.692644529289,setback_5280,0.467119076219422,7.64005775,21.228505,177178.56651908
190,Cymric,96.5401434926694,setback_1000,0,8.947771125,21.1232225,14680896.5527817
190,Cymric,96.5401434926694,setback_2500,0,8.947771125,21.1232225,14680896.5527817
190,Cymric,96.5401434926694,setback_5280,0.000281161001314125,8.947771125,21.1232225,14680896.5527817
194,Deer Creek,47.9446029073139,setback_1000,0.366922497731117,16.09738,20.31043,33259.6343434111
194,Deer Creek,47.9446029073139,setback_2500,0.773474809031495,16.09738,20.31043,33259.6343434111
194,Deer Creek,47.9446029073139,setback_5280,1,16.09738,20.31043,33259.6343434111
196,Deer Creek  North,36.7594699726481,setback_1000,0.641946612597631,16.09738,20.31043,333.833159365883
196,Deer Creek  North,36.7594699726481,setback_2500,0.998020383586241,16.09738,20.31043,333.833159365883
196,Deer Creek  North,36.7594699726481,setback_5280,1,16.09738,20.31043,333.833159365883
198,Del Valle,30.2808018361982,setback_1000,0.0679012172369775,1.6323251,19.65662,30733.7729111539
198,Del Valle,30.2808018361982,setback_2500,0.298993797901845,1.6323251,19.65662,30733.7729111539
198,Del Valle,30.2808018361982,setback_5280,0.897839535616413,1.6323251,19.65662,30733.7729111539
204,Devils Den,38.8603623564544,setback_1000,0.0205606494589921,9.7126785,24.604985,9810.02577219284
204,Devils Den,38.8603623564544,setback_2500,0.114533163515072,9.7126785,24.604985,9810.02577219284
204,Devils Den,38.8603623564544,setback_5280,0.326197909442534,9.7126785,24.604985,9810.02577219284
208,Dominguez,23.7199614383553,setback_1000,0.486774389275477,3.239153,24.47657,24782.4
208,Dominguez,23.7199614383553,setback_2500,0.914954423130611,3.239153,24.47657,24782.4
208,Dominguez,23.7199614383553,setback_5280,1,3.239153,24.47657,24782.4
220,Dyer Creek,36.7594699726481,setback_1000,0,8.660463,21.16836,6121.10273383033
220,Dyer Creek,36.7594699726481,setback_2500,0,8.660463,21.16836,6121.10273383033
220,Dyer Creek,36.7594699726481,setback_5280,0,8.660463,21.16836,6121.10273383033
221,Eagle Rest (ABD),36.7594699726481,setback_1000,0,4.323306,30.63345,0
221,Eagle Rest (ABD),36.7594699726481,setback_2500,0,4.323306,30.63345,0
221,Eagle Rest (ABD),36.7594699726481,setback_5280,0,4.323306,30.63345,0
222,Edison,68.5943124816335,setback_1000,0.19925464982856,7.1118605,21.8023875,616308.652724967
222,Edison,68.5943124816335,setback_2500,0.526608015976679,7.1118605,21.8023875,616308.652724967
222,Edison,68.5943124816335,setback_5280,0.957244928121574,7.1118605,21.8023875,616308.652724967
224,Edison  Northeast,36.7594699726481,setback_1000,0,16.09738,20.31043,113
224,Edison  Northeast,36.7594699726481,setback_2500,0,16.09738,20.31043,113
224,Edison  Northeast,36.7594699726481,setback_5280,0,16.09738,20.31043,113
228,Elk Hills,35.3276021422313,setback_1000,9.80691541004793e-05,3.89098166666667,25.1534466666667,9365568.81377447
228,Elk Hills,35.3276021422313,setback_2500,0.00166066963599214,3.89098166666667,25.1534466666667,9365568.81377447
228,Elk Hills,35.3276021422313,setback_5280,0.0108109743122962,3.89098166666667,25.1534466666667,9365568.81377447
230,El Rio (ABD),36.7594699726481,setback_1000,0.286692811862797,9.586019,29.364,0
230,El Rio (ABD),36.7594699726481,setback_2500,0.859374599130033,9.586019,29.364,0
230,El Rio (ABD),36.7594699726481,setback_5280,1,9.586019,29.364,0
232,El Segundo,26.7480416219751,setback_1000,0.583906799599723,6.752529,30.09974,22559.8
232,El Segundo,26.7480416219751,setback_2500,0.907458556136659,6.752529,30.09974,22559.8
232,El Segundo,26.7480416219751,setback_5280,1,6.752529,30.09974,22559.8
234,Elwood,36.7594699726481,setback_1000,0.141073765853478,12.007,6.060677,0
234,Elwood,36.7594699726481,setback_2500,0.37973824765067,12.007,6.060677,0
234,Elwood,36.7594699726481,setback_5280,0.735161443625886,12.007,6.060677,0
236,Elwood  South  Offshore,15.1404009180991,setback_1000,0,12.007,6.060677,99450.8
236,Elwood  South  Offshore,15.1404009180991,setback_2500,0.013912431969735,12.007,6.060677,99450.8
236,Elwood  South  Offshore,15.1404009180991,setback_5280,0.123400220965026,12.007,6.060677,99450.8
238,English Colony (ABD),36.7594699726481,setback_1000,0.503116242334329,9.14688333333333,21.7920233333333,0
238,English Colony (ABD),36.7594699726481,setback_2500,0.820788147866207,9.14688333333333,21.7920233333333,0
238,English Colony (ABD),36.7594699726481,setback_5280,1,9.14688333333333,21.7920233333333,0
240,Esperanza,36.7594699726481,setback_1000,0.837903060431473,2.390623,14.9211,4214
240,Esperanza,36.7594699726481,setback_2500,1,2.390623,14.9211,4214
240,Esperanza,36.7594699726481,setback_5280,1,2.390623,14.9211,4214
242,Eureka Canyon,36.7594699726481,setback_1000,0.125791687175836,9.586019,29.364,1021.4
242,Eureka Canyon,36.7594699726481,setback_2500,0.342973795145497,9.586019,29.364,1021.4
242,Eureka Canyon,36.7594699726481,setback_5280,0.846409965708434,9.586019,29.364,1021.4
246,Fillmore,36.7594699726481,setback_1000,0.173695520149418,9.586019,29.364,273.6
246,Fillmore,36.7594699726481,setback_2500,0.377431493396417,9.586019,29.364,273.6
246,Fillmore,36.7594699726481,setback_5280,0.566705844958787,9.586019,29.364,273.6
248,Five Points (ABD),36.7594699726481,setback_1000,0,8.015293,16.1661,0
248,Five Points (ABD),36.7594699726481,setback_2500,0,8.015293,16.1661,0
248,Five Points (ABD),36.7594699726481,setback_5280,0,8.015293,16.1661,0
250,Four Deer (ABD),36.7594699726481,setback_1000,0,2.268083,14.00024,3539
250,Four Deer (ABD),36.7594699726481,setback_2500,0,2.268083,14.00024,3539
250,Four Deer (ABD),36.7594699726481,setback_5280,0,2.268083,14.00024,3539
256,Fruitvale,25.7386815607685,setback_1000,0.564630227384006,7.48389666666667,21.13447,409384.817775684
256,Fruitvale,25.7386815607685,setback_2500,0.919096636623893,7.48389666666667,21.13447,409384.817775684
256,Fruitvale,25.7386815607685,setback_5280,1,7.48389666666667,21.13447,409384.817775684
272,Gonyer Anticline (ABD),36.7594699726481,setback_1000,0,7.64005775,21.228505,0
272,Gonyer Anticline (ABD),36.7594699726481,setback_2500,0,7.64005775,21.228505,0
272,Gonyer Anticline (ABD),36.7594699726481,setback_5280,0,7.64005775,21.228505,0
274,Goosloo,36.7594699726481,setback_1000,0,5.6754975,24.052935,0
274,Goosloo,36.7594699726481,setback_2500,0,5.6754975,24.052935,0
274,Goosloo,36.7594699726481,setback_5280,0.00638221275398028,5.6754975,24.052935,0
280,Greeley,47.9446029073139,setback_1000,0.213602877449179,9.14688333333333,21.7920233333333,121906.6
280,Greeley,47.9446029073139,setback_2500,0.514611852632139,9.14688333333333,21.7920233333333,121906.6
280,Greeley,47.9446029073139,setback_5280,0.918140788460654,9.14688333333333,21.7920233333333,121906.6
286,Guadalupe (ABD),36.7594699726481,setback_1000,0,2.268083,14.00024,0
286,Guadalupe (ABD),36.7594699726481,setback_2500,0,2.268083,14.00024,0
286,Guadalupe (ABD),36.7594699726481,setback_5280,0.0198175556616418,2.268083,14.00024,0
288,Guijarral Hills,36.7594699726481,setback_1000,0.0722106529698697,16.09738,20.31043,1651.49236140729
288,Guijarral Hills,36.7594699726481,setback_2500,0.280252754375055,16.09738,20.31043,1651.49236140729
288,Guijarral Hills,36.7594699726481,setback_5280,0.799290306675898,16.09738,20.31043,1651.49236140729
290,Half Moon Bay,36.7594699726481,setback_1000,0.120558521795878,4.635805,13.59492,50.6436661631644
290,Half Moon Bay,36.7594699726481,setback_2500,0.371076241599917,4.635805,13.59492,50.6436661631644
290,Half Moon Bay,36.7594699726481,setback_5280,0.666597978908786,4.635805,13.59492,50.6436661631644
295,Harris Canyon  Northwest (ABD),36.7594699726481,setback_1000,0,2.268083,14.00024,0
295,Harris Canyon  Northwest (ABD),36.7594699726481,setback_2500,0,2.268083,14.00024,0
295,Harris Canyon  Northwest (ABD),36.7594699726481,setback_5280,0,2.268083,14.00024,0
298,Hasley Canyon,17.1591210405123,setback_1000,0.077401998085059,8.015293,16.1661,26060.4
298,Hasley Canyon,17.1591210405123,setback_2500,0.877909015181475,8.015293,16.1661,26060.4
298,Hasley Canyon,17.1591210405123,setback_5280,1,8.015293,16.1661,26060.4
300,Helm,22.7106013771487,setback_1000,0.0584781499226378,8.015293,16.1661,58877.4874454871
300,Helm,22.7106013771487,setback_2500,0.219331096516451,8.015293,16.1661,58877.4874454871
300,Helm,22.7106013771487,setback_5280,0.458533450242211,8.015293,16.1661,58877.4874454871
304,Holser,23.7199614383553,setback_1000,0.0731173357912274,0.0254972,14.83667,15712
304,Holser,23.7199614383553,setback_2500,0.343717025362694,0.0254972,14.83667,15712
304,Holser,23.7199614383553,setback_5280,0.960249363571126,0.0254972,14.83667,15712
308,Honor Rancho,37.3463222646445,setback_1000,0.216782505554638,0.0254972,14.83667,35593.6179969358
308,Honor Rancho,37.3463222646445,setback_2500,0.556565614224859,0.0254972,14.83667,35593.6179969358
308,Honor Rancho,37.3463222646445,setback_5280,0.945709425753796,0.0254972,14.83667,35593.6179969358
310,Hopper Canyon,36.7594699726481,setback_1000,0,0.0254972,14.83667,174
310,Hopper Canyon,36.7594699726481,setback_2500,0,0.0254972,14.83667,174
310,Hopper Canyon,36.7594699726481,setback_5280,0.00290180844874975,0.0254972,14.83667,174
316,Howard Townsite,36.7594699726481,setback_1000,0.959899362541067,3.239153,24.47657,7597.2
316,Howard Townsite,36.7594699726481,setback_2500,1,3.239153,24.47657,7597.2
316,Howard Townsite,36.7594699726481,setback_5280,1,3.239153,24.47657,7597.2
318,Huasna,36.7594699726481,setback_1000,0,2.268083,14.00024,0
318,Huasna,36.7594699726481,setback_2500,0,2.268083,14.00024,0
318,Huasna,36.7594699726481,setback_5280,0,2.268083,14.00024,0
320,Huntington Beach,43.9071626624874,setback_1000,0.530980353904845,4.3946845,19.77953,2089811.43129706
320,Huntington Beach,43.9071626624874,setback_2500,0.651980861662116,4.3946845,19.77953,2089811.43129706
320,Huntington Beach,43.9071626624874,setback_5280,0.7714399229927,4.3946845,19.77953,2089811.43129706
322,Hyperion,15.1404009180991,setback_1000,0.331158232073054,2.390623,14.9211,10432.6923528896
322,Hyperion,15.1404009180991,setback_2500,0.659024668482223,2.390623,14.9211,10432.6923528896
322,Hyperion,15.1404009180991,setback_5280,1,2.390623,14.9211,10432.6923528896
324,Inglewood,59.5522436111899,setback_1000,0.737392942092628,2.390623,14.9211,2038396
324,Inglewood,59.5522436111899,setback_2500,0.992253204952753,2.390623,14.9211,2038396
324,Inglewood,59.5522436111899,setback_5280,1,2.390623,14.9211,2038396
326,Jacalitos,22.2059213465454,setback_1000,0,12.0563365,18.238265,94231.4
326,Jacalitos,22.2059213465454,setback_2500,0.000244549460542838,12.0563365,18.238265,94231.4
326,Jacalitos,22.2059213465454,setback_5280,0.0446212504954535,12.0563365,18.238265,94231.4
328,Jasmin,101.945366181867,setback_1000,0,16.09738,20.31043,129432.400323722
328,Jasmin,101.945366181867,setback_2500,0,16.09738,20.31043,129432.400323722
328,Jasmin,101.945366181867,setback_5280,0,16.09738,20.31043,129432.400323722
330,Jasmin  West (ABD),36.7594699726481,setback_1000,0,16.09738,20.31043,0
330,Jasmin  West (ABD),36.7594699726481,setback_2500,0,16.09738,20.31043,0
330,Jasmin  West (ABD),36.7594699726481,setback_5280,0,16.09738,20.31043,0
332,Jerry Slough (ABD),36.7594699726481,setback_1000,0,3.327977,28.89954,1123.2
332,Jerry Slough (ABD),36.7594699726481,setback_2500,0,3.327977,28.89954,1123.2
332,Jerry Slough (ABD),36.7594699726481,setback_5280,0,3.327977,28.89954,1123.2
334,Jesus Maria,36.7594699726481,setback_1000,0,2.268083,14.00024,0
334,Jesus Maria,36.7594699726481,setback_2500,0,2.268083,14.00024,0
334,Jesus Maria,36.7594699726481,setback_5280,0,2.268083,14.00024,0
336,Kern Bluff,56.52416342757,setback_1000,0.244269052713742,9.7126785,24.604985,15265.3107265983
336,Kern Bluff,56.52416342757,setback_2500,0.755317256086927,9.7126785,24.604985,15265.3107265983
336,Kern Bluff,56.52416342757,setback_5280,1,9.7126785,24.604985,15265.3107265983
338,Kern Front,195.620817077251,setback_1000,0.0646111115220232,9.7126785,24.604985,4002751.39640276
338,Kern Front,195.620817077251,setback_2500,0.145166626856626,9.7126785,24.604985,4002751.39640276
338,Kern Front,195.620817077251,setback_5280,0.399213031867347,9.7126785,24.604985,4002751.39640276
340,Kern River,83.8374930331076,setback_1000,0.121692042101016,6.00455383333333,21.5874716666667,20915176.090699
340,Kern River,83.8374930331076,setback_2500,0.253469102533743,6.00455383333333,21.5874716666667,20915176.090699
340,Kern River,83.8374930331076,setback_5280,0.532220086484248,6.00455383333333,21.5874716666667,20915176.090699
344,Kettleman City (ABD),36.7594699726481,setback_1000,0,3.327977,28.89954,0
344,Kettleman City (ABD),36.7594699726481,setback_2500,0,3.327977,28.89954,0
344,Kettleman City (ABD),36.7594699726481,setback_5280,0,3.327977,28.89954,0
346,Kettleman Middle Dome,24.2246414689586,setback_1000,0,3.327977,28.89954,41329.1005416364
346,Kettleman Middle Dome,24.2246414689586,setback_2500,0,3.327977,28.89954,41329.1005416364
346,Kettleman Middle Dome,24.2246414689586,setback_5280,0,3.327977,28.89954,41329.1005416364
348,Kettleman North Dome,39.3650423870577,setback_1000,0,3.327977,28.89954,119838.132623795
348,Kettleman North Dome,39.3650423870577,setback_2500,0,3.327977,28.89954,119838.132623795
348,Kettleman North Dome,39.3650423870577,setback_5280,0.00973142212907039,3.327977,28.89954,119838.132623795
350,King City (ABD),36.7594699726481,setback_1000,0,4.635805,13.59492,0
350,King City (ABD),36.7594699726481,setback_2500,0,4.635805,13.59492,0
350,King City (ABD),36.7594699726481,setback_5280,0,4.635805,13.59492,0
360,Kraemer (ABD),36.7594699726481,setback_1000,0.459065422433101,2.390623,14.9211,0
360,Kraemer (ABD),36.7594699726481,setback_2500,0.996734632150929,2.390623,14.9211,0
360,Kraemer (ABD),36.7594699726481,setback_5280,1,2.390623,14.9211,0
366,Kreyenhagen (ABD),36.7594699726481,setback_1000,0,12.0563365,18.238265,0
366,Kreyenhagen (ABD),36.7594699726481,setback_2500,0,12.0563365,18.238265,0
366,Kreyenhagen (ABD),36.7594699726481,setback_5280,0,12.0563365,18.238265,0
370,La Honda,36.7594699726481,setback_1000,0.165873715753752,4.635805,13.59492,0
370,La Honda,36.7594699726481,setback_2500,0.517246817362665,4.635805,13.59492,0
370,La Honda,36.7594699726481,setback_5280,0.91294257917132,4.635805,13.59492,0
372,Lakeside (ABD),36.7594699726481,setback_1000,0,11.046566,22.058285,0
372,Lakeside (ABD),36.7594699726481,setback_2500,0,11.046566,22.058285,0
372,Lakeside (ABD),36.7594699726481,setback_5280,0,11.046566,22.058285,0
375,Landslide,75.7020045904956,setback_1000,0,3.327977,28.89954,28569.9461586779
375,Landslide,75.7020045904956,setback_2500,0,3.327977,28.89954,28569.9461586779
375,Landslide,75.7020045904956,setback_5280,0,3.327977,28.89954,28569.9461586779
382,Las Cienegas,26.7480416219751,setback_1000,0.923992120588028,2.390623,14.9211,198970.26789392
382,Las Cienegas,26.7480416219751,setback_2500,1,2.390623,14.9211,198970.26789392
382,Las Cienegas,26.7480416219751,setback_5280,1,2.390623,14.9211,198970.26789392
384,Las Llajas,36.7594699726481,setback_1000,0,5.0271686,12.269543,0
384,Las Llajas,36.7594699726481,setback_2500,0,5.0271686,12.269543,0
384,Las Llajas,36.7594699726481,setback_5280,0,5.0271686,12.269543,0
386,Las Posas (ABD),36.7594699726481,setback_1000,0.307761598745351,4.8057581,22.100335,0
386,Las Posas (ABD),36.7594699726481,setback_2500,0.896221722524635,4.8057581,22.100335,0
386,Las Posas (ABD),36.7594699726481,setback_5280,1,4.8057581,22.100335,0
394,Lawndale (ABD),36.7594699726481,setback_1000,0.957570703397627,6.752529,30.09974,0
394,Lawndale (ABD),36.7594699726481,setback_2500,1,6.752529,30.09974,0
394,Lawndale (ABD),36.7594699726481,setback_5280,1,6.752529,30.09974,0
404,Livermore,23.215281407752,setback_1000,0.133121870150331,4.635805,13.59492,7944.05989633668
404,Livermore,23.215281407752,setback_2500,0.537949422676262,4.635805,13.59492,7944.05989633668
404,Livermore,23.215281407752,setback_5280,0.972140043646733,4.635805,13.59492,7944.05989633668
410,Lompoc,147.871248966768,setback_1000,0.016263187364706,2.268083,14.00024,276548.2
410,Lompoc,147.871248966768,setback_2500,0.0537172590666912,2.268083,14.00024,276548.2
410,Lompoc,147.871248966768,setback_5280,0.21525924432296,2.268083,14.00024,276548.2
412,Long Beach,33.8135620504214,setback_1000,0.870586939597982,2.390623,14.9211,1370678.55757429
412,Long Beach,33.8135620504214,setback_2500,0.999697371602503,2.390623,14.9211,1370678.55757429
412,Long Beach,33.8135620504214,setback_5280,1,2.390623,14.9211,1370678.55757429
414,Long Beach Airport,25.2340015301652,setback_1000,0.378261196137818,2.390623,14.9211,8441.32747027302
414,Long Beach Airport,25.2340015301652,setback_2500,0.947750481442586,2.390623,14.9211,8441.32747027302
414,Long Beach Airport,25.2340015301652,setback_5280,1,2.390623,14.9211,8441.32747027302
420,Los Alamos,36.7594699726481,setback_1000,0,2.268083,14.00024,8433.2
420,Los Alamos,36.7594699726481,setback_2500,0,2.268083,14.00024,8433.2
420,Los Alamos,36.7594699726481,setback_5280,0,2.268083,14.00024,8433.2
422,Los Angeles City,36.7594699726481,setback_1000,0.978873442113959,2.390623,14.9211,8191.03807628801
422,Los Angeles City,36.7594699726481,setback_2500,1,2.390623,14.9211,8191.03807628801
422,Los Angeles City,36.7594699726481,setback_5280,1,2.390623,14.9211,8191.03807628801
424,Los Angeles Downtown,182.189491047793,setback_1000,0.814385198232272,2.390623,14.9211,37999.93024
424,Los Angeles Downtown,182.189491047793,setback_2500,1,2.390623,14.9211,37999.93024
424,Los Angeles Downtown,182.189491047793,setback_5280,1,2.390623,14.9211,37999.93024
426,Los Angeles  East,36.8416422340412,setback_1000,0.382710471994174,2.390623,14.9211,3856
426,Los Angeles  East,36.8416422340412,setback_2500,0.872335879020829,2.390623,14.9211,3856
426,Los Angeles  East,36.8416422340412,setback_5280,1,2.390623,14.9211,3856
428,Los Lobos,36.7594699726481,setback_1000,0,4.323306,30.63345,278.302846489409
428,Los Lobos,36.7594699726481,setback_2500,0,4.323306,30.63345,278.302846489409
428,Los Lobos,36.7594699726481,setback_5280,0,4.323306,30.63345,278.302846489409
432,Lost Hills,85.8699171066375,setback_1000,0.00535101778814661,7.364486125,20.44036875,9517307.61898159
432,Lost Hills,85.8699171066375,setback_2500,0.0161061428093485,7.364486125,20.44036875,9517307.61898159
432,Lost Hills,85.8699171066375,setback_5280,0.0599824459427965,7.364486125,20.44036875,9517307.61898159
434,Lost Hills  Northwest,51.9820431521403,setback_1000,0,16.09738,20.31043,12795.9717048062
434,Lost Hills  Northwest,51.9820431521403,setback_2500,0.000370161304092283,16.09738,20.31043,12795.9717048062
434,Lost Hills  Northwest,51.9820431521403,setback_5280,0.0456013505072606,16.09738,20.31043,12795.9717048062
436,Lynch Canyon,88.9185532169323,setback_1000,0,16.09738,20.31043,233644.8
436,Lynch Canyon,88.9185532169323,setback_2500,0,16.09738,20.31043,233644.8
436,Lynch Canyon,88.9185532169323,setback_5280,0,16.09738,20.31043,233644.8
438,Lyon Canyon (ABD),36.7594699726481,setback_1000,0.423924661577391,0.0254972,14.83667,0
438,Lyon Canyon (ABD),36.7594699726481,setback_2500,0.919499492773622,0.0254972,14.83667,0
438,Lyon Canyon (ABD),36.7594699726481,setback_5280,1,0.0254972,14.83667,0
440,Mahala,32.2995219586114,setback_1000,0.132980552657999,2.390623,14.9211,8042
440,Mahala,32.2995219586114,setback_2500,0.232312319890945,2.390623,14.9211,8042
440,Mahala,32.2995219586114,setback_5280,0.503226472609992,2.390623,14.9211,8042
448,McCool Ranch,57.0288434581733,setback_1000,0.099979845564976,16.09738,20.31043,9782.4
448,McCool Ranch,57.0288434581733,setback_2500,0.326542028928819,16.09738,20.31043,9782.4
448,McCool Ranch,57.0288434581733,setback_5280,0.691440397965134,16.09738,20.31043,9782.4
450,McDonald Anticline,26.2433615913718,setback_1000,0,3.327977,28.89954,50892.1072321368
450,McDonald Anticline,26.2433615913718,setback_2500,0,3.327977,28.89954,50892.1072321368
450,McDonald Anticline,26.2433615913718,setback_5280,0,3.327977,28.89954,50892.1072321368
454,McKittrick,146.334533294152,setback_1000,0.0604758889098266,7.5462045,21.1353,3066310.94524696
454,McKittrick,146.334533294152,setback_2500,0.151337637393148,7.5462045,21.1353,3066310.94524696
454,McKittrick,146.334533294152,setback_5280,0.354586445994616,7.5462045,21.1353,3066310.94524696
464,Midway-Sunset,123.46976246694,setback_1000,0.0928307425062644,7.64005775,21.228505,22788072.1798257
464,Midway-Sunset,123.46976246694,setback_2500,0.225821185537974,7.64005775,21.228505,22788072.1798257
464,Midway-Sunset,123.46976246694,setback_5280,0.501513354805423,7.64005775,21.228505,22788072.1798257
474,Monroe Swell,36.7594699726481,setback_1000,0,4.635805,13.59492,3103.69248
474,Monroe Swell,36.7594699726481,setback_2500,0.0010390357458656,4.635805,13.59492,3103.69248
474,Monroe Swell,36.7594699726481,setback_5280,0.158556458059503,4.635805,13.59492,3103.69248
476,Montalvo  West,21.7012413159421,setback_1000,0.130820989369909,9.586019,29.364,295081.068422349
476,Montalvo  West,21.7012413159421,setback_2500,0.376798558868681,9.586019,29.364,295081.068422349
476,Montalvo  West,21.7012413159421,setback_5280,0.800085078103567,9.586019,29.364,295081.068422349
478,Montebello,82.2628449883385,setback_1000,0.716166065061209,2.390623,14.9211,412693.6
478,Montebello,82.2628449883385,setback_2500,0.9823615598781,2.390623,14.9211,412693.6
478,Montebello,82.2628449883385,setback_5280,1,2.390623,14.9211,412693.6
479,Monument Junction,27.7574016831817,setback_1000,0,8.24799733333333,27.1924433333333,85948.0478976157
479,Monument Junction,27.7574016831817,setback_2500,0,8.24799733333333,27.1924433333333,85948.0478976157
479,Monument Junction,27.7574016831817,setback_5280,0,8.24799733333333,27.1924433333333,85948.0478976157
485,Moorpark West,36.7594699726481,setback_1000,0.36247100068701,9.586019,29.364,3409.73483822889
485,Moorpark West,36.7594699726481,setback_2500,0.714691552601209,9.586019,29.364,3409.73483822889
485,Moorpark West,36.7594699726481,setback_5280,0.972966304313643,9.586019,29.364,3409.73483822889
486,Morales Canyon,36.7594699726481,setback_1000,0,7.64005775,21.228505,199.6
486,Morales Canyon,36.7594699726481,setback_2500,0,7.64005775,21.228505,199.6
486,Morales Canyon,36.7594699726481,setback_5280,0,7.64005775,21.228505,199.6
488,Mount Poso,26.9296189742709,setback_1000,0,9.36194,23.4594433333333,1356785.45175298
488,Mount Poso,26.9296189742709,setback_2500,0,9.36194,23.4594433333333,1356785.45175298
488,Mount Poso,26.9296189742709,setback_5280,0,9.36194,23.4594433333333,1356785.45175298
490,Mountain View,31.7948419280081,setback_1000,0.360213058100963,16.09738,20.31043,78164.4369017746
490,Mountain View,31.7948419280081,setback_2500,0.751685547332561,16.09738,20.31043,78164.4369017746
490,Mountain View,31.7948419280081,setback_5280,0.9811508524602,16.09738,20.31043,78164.4369017746
496,Newgate,36.7594699726481,setback_1000,0.989097393139802,2.4974755,18.74963,0
496,Newgate,36.7594699726481,setback_2500,1,2.4974755,18.74963,0
496,Newgate,36.7594699726481,setback_5280,1,2.4974755,18.74963,0
498,Newhall,36.7594699726481,setback_1000,0.126608754043982,4.8190831,18.26382,430.2
498,Newhall,36.7594699726481,setback_2500,0.299202469260276,4.8190831,18.26382,430.2
498,Newhall,36.7594699726481,setback_5280,0.578457835731602,4.8190831,18.26382,430.2
500,Newhall-Potrero,24.7293214995619,setback_1000,0.0305602359264926,1.6323251,19.65662,68821.9897802169
500,Newhall-Potrero,24.7293214995619,setback_2500,0.139374783168302,1.6323251,19.65662,68821.9897802169
500,Newhall-Potrero,24.7293214995619,setback_5280,0.429561987273418,1.6323251,19.65662,68821.9897802169
504,Newport  West,29.7761218055949,setback_1000,0.738883321665599,2.390623,14.9211,74666.6895455349
504,Newport  West,29.7761218055949,setback_2500,0.972110402217779,2.390623,14.9211,74666.6895455349
504,Newport  West,29.7761218055949,setback_5280,1,2.390623,14.9211,74666.6895455349
508,Oak Canyon,25.2340015301652,setback_1000,0,16.49939,36.04849,17366.6
508,Oak Canyon,25.2340015301652,setback_2500,0,16.49939,36.04849,17366.6
508,Oak Canyon,25.2340015301652,setback_5280,0,16.49939,36.04849,17366.6
512,Oak Park,20.6918812547355,setback_1000,0.0642244622431171,9.586019,29.364,11057.371185041
512,Oak Park,20.6918812547355,setback_2500,0.386911611775487,9.586019,29.364,11057.371185041
512,Oak Park,20.6918812547355,setback_5280,0.817250428666238,9.586019,29.364,11057.371185041
514,Oakridge,22.7106013771487,setback_1000,0,9.586019,29.364,101625.458547865
514,Oakridge,22.7106013771487,setback_2500,0,9.586019,29.364,101625.458547865
514,Oakridge,22.7106013771487,setback_5280,0,9.586019,29.364,101625.458547865
518,Oil Creek,36.7594699726481,setback_1000,0.68827610583718,4.635805,13.59492,0
518,Oil Creek,36.7594699726481,setback_2500,0.962452014355317,4.635805,13.59492,0
518,Oil Creek,36.7594699726481,setback_5280,1,4.635805,13.59492,0
519,Oat Mountain,20.6918812547355,setback_1000,0,0.0254972,14.83667,62178.6
519,Oat Mountain,20.6918812547355,setback_2500,0,0.0254972,14.83667,62178.6
519,Oat Mountain,20.6918812547355,setback_5280,0,0.0254972,14.83667,62178.6
520,Ojai,25.7386815607685,setback_1000,0.188576545473654,4.8057581,22.100335,221349.402012226
520,Ojai,25.7386815607685,setback_2500,0.437602430208503,4.8057581,22.100335,221349.402012226
520,Ojai,25.7386815607685,setback_5280,0.74294768918587,4.8057581,22.100335,221349.402012226
522,Olive,16.1497609793057,setback_1000,0.698643978147817,2.390623,14.9211,55721
522,Olive,16.1497609793057,setback_2500,1,2.390623,14.9211,55721
522,Olive,16.1497609793057,setback_5280,1,2.390623,14.9211,55721
524,Orcutt,92.9834013639921,setback_1000,0.071612089992075,2.268083,14.00024,949654.78496
524,Orcutt,92.9834013639921,setback_2500,0.192799035536141,2.268083,14.00024,949654.78496
524,Orcutt,92.9834013639921,setback_5280,0.407025508449618,2.268083,14.00024,949654.78496
530,Oxnard,23.3728768455936,setback_1000,0.284227790250268,4.8057581,22.100335,352605.848
530,Oxnard,23.3728768455936,setback_2500,0.616237022132809,4.8057581,22.100335,352605.848
530,Oxnard,23.3728768455936,setback_5280,0.983893403431046,4.8057581,22.100335,352605.848
531,Pacoima (ABD),36.7594699726481,setback_1000,0.492136592109602,3.239153,24.47657,0
531,Pacoima (ABD),36.7594699726481,setback_2500,0.979079689097605,3.239153,24.47657,0
531,Pacoima (ABD),36.7594699726481,setback_5280,1,3.239153,24.47657,0
532,Paloma,32.8042019892148,setback_1000,0.00877306241391664,3.327977,28.89954,14404.9128139363
532,Paloma,32.8042019892148,setback_2500,0.0430027450004754,3.327977,28.89954,14404.9128139363
532,Paloma,32.8042019892148,setback_5280,0.13502123556254,3.327977,28.89954,14404.9128139363
534,Paris Valley,36.7594699726481,setback_1000,0.0595633597026967,11.423578,23.52795,0
534,Paris Valley,36.7594699726481,setback_2500,0.325714309802378,11.423578,23.52795,0
534,Paris Valley,36.7594699726481,setback_5280,0.840982603276283,11.423578,23.52795,0
538,Petaluma (ABD),36.7594699726481,setback_1000,0,4.635805,13.59492,0
538,Petaluma (ABD),36.7594699726481,setback_2500,0.00635649034685966,4.635805,13.59492,0
538,Petaluma (ABD),36.7594699726481,setback_5280,0.0841361994535824,4.635805,13.59492,0
540,Petrolia,36.7594699726481,setback_1000,0,5.810781,14.75105,0
540,Petrolia,36.7594699726481,setback_2500,0,5.810781,14.75105,0
540,Petrolia,36.7594699726481,setback_5280,0,5.810781,14.75105,0
544,Pioneer,36.7594699726481,setback_1000,0,4.323306,30.63345,2142.4
544,Pioneer,36.7594699726481,setback_2500,0,4.323306,30.63345,2142.4
544,Pioneer,36.7594699726481,setback_5280,0,4.323306,30.63345,2142.4
546,Piru (ABD),36.7594699726481,setback_1000,0,0.0254972,14.83667,0
546,Piru (ABD),36.7594699726481,setback_2500,0.00826727863145417,0.0254972,14.83667,0
546,Piru (ABD),36.7594699726481,setback_5280,0.240305921039434,0.0254972,14.83667,0
548,Piru Creek (ABD),36.7594699726481,setback_1000,0,0.0254972,14.83667,0
548,Piru Creek (ABD),36.7594699726481,setback_2500,0,0.0254972,14.83667,0
548,Piru Creek (ABD),36.7594699726481,setback_5280,0,0.0254972,14.83667,0
550,Placerita,381.079513786853,setback_1000,0.755555700042615,4.8190831,18.26382,628711.739754029
550,Placerita,381.079513786853,setback_2500,0.995465802476305,4.8190831,18.26382,628711.739754029
550,Placerita,381.079513786853,setback_5280,1,4.8190831,18.26382,628711.739754029
554,Playa Del Rey,37.3463222646445,setback_1000,0.554509667145971,2.390623,14.9211,42874.51872
554,Playa Del Rey,37.3463222646445,setback_2500,0.911137879683269,2.390623,14.9211,42874.51872
554,Playa Del Rey,37.3463222646445,setback_5280,1,2.390623,14.9211,42874.51872
558,Pleasant Valley,36.7594699726481,setback_1000,0.0377402859969349,16.09738,20.31043,0
558,Pleasant Valley,36.7594699726481,setback_2500,0.237386739166436,16.09738,20.31043,0
558,Pleasant Valley,36.7594699726481,setback_5280,0.786495522446446,16.09738,20.31043,0
560,Pleito,20.1872012241322,setback_1000,0,3.327977,28.89954,770590.065627442
560,Pleito,20.1872012241322,setback_2500,0,3.327977,28.89954,770590.065627442
560,Pleito,20.1872012241322,setback_5280,0,3.327977,28.89954,770590.065627442
562,Point Conception (ABD),36.7594699726481,setback_1000,0,5.52865,70.73613,0
562,Point Conception (ABD),36.7594699726481,setback_2500,0,5.52865,70.73613,0
562,Point Conception (ABD),36.7594699726481,setback_5280,0,5.52865,70.73613,0
566,Poso Creek,146.334533294152,setback_1000,0.0772692330697568,9.691744,25.4123775,4553803.80929631
566,Poso Creek,146.334533294152,setback_2500,0.232034395794672,9.691744,25.4123775,4553803.80929631
566,Poso Creek,146.334533294152,setback_5280,0.5442828823596,9.691744,25.4123775,4553803.80929631
568,Potrero (ABD),36.7594699726481,setback_1000,0.930177799745477,2.390623,14.9211,0
568,Potrero (ABD),36.7594699726481,setback_2500,1,2.390623,14.9211,0
568,Potrero (ABD),36.7594699726481,setback_5280,1,2.390623,14.9211,0
572,Prado-Corona,36.7594699726481,setback_1000,0.0131693146964333,2.390623,14.9211,0
572,Prado-Corona,36.7594699726481,setback_2500,0.132484929995608,2.390623,14.9211,0
572,Prado-Corona,36.7594699726481,setback_5280,0.39691465285006,2.390623,14.9211,0
578,Pyramid Hills,23.215281407752,setback_1000,0.012487864268038,16.09738,20.31043,45012.9316555728
578,Pyramid Hills,23.215281407752,setback_2500,0.0709314372786496,16.09738,20.31043,45012.9316555728
578,Pyramid Hills,23.215281407752,setback_5280,0.300611371150561,16.09738,20.31043,45012.9316555728
580,Quinado Canyon (ABD),36.7594699726481,setback_1000,0,4.635805,13.59492,0
580,Quinado Canyon (ABD),36.7594699726481,setback_2500,0,4.635805,13.59492,0
580,Quinado Canyon (ABD),36.7594699726481,setback_5280,0,4.635805,13.59492,0
582,Railroad Gap,36.3369622034379,setback_1000,0,3.177155,21.54649,94616.3230450854
582,Railroad Gap,36.3369622034379,setback_2500,0,3.177155,21.54649,94616.3230450854
582,Railroad Gap,36.3369622034379,setback_5280,0.0843133461858449,3.177155,21.54649,94616.3230450854
584,Raisin City,39.869722417661,setback_1000,0.0630588025382142,16.09738,20.31043,104162.4
584,Raisin City,39.869722417661,setback_2500,0.298731821029741,16.09738,20.31043,104162.4
584,Raisin City,39.869722417661,setback_5280,0.798530753462805,16.09738,20.31043,104162.4
586,Ramona,27.2527216525784,setback_1000,0.0377007594959733,9.586019,29.364,34044.3878987431
586,Ramona,27.2527216525784,setback_2500,0.261202294931807,9.586019,29.364,34044.3878987431
586,Ramona,27.2527216525784,setback_5280,0.863111977251092,9.586019,29.364,34044.3878987431
588,Ramona  North,36.7594699726481,setback_1000,0.136194160865483,9.586019,29.364,0
588,Ramona  North,36.7594699726481,setback_2500,0.783606928291987,9.586019,29.364,0
588,Ramona  North,36.7594699726481,setback_5280,1,9.586019,29.364,0
598,Richfield,26.2433615913718,setback_1000,0.84893596281466,2.390623,14.9211,229497.859598732
598,Richfield,26.2433615913718,setback_2500,0.998783673282638,2.390623,14.9211,229497.859598732
598,Richfield,26.2433615913718,setback_5280,1,2.390623,14.9211,229497.859598732
600,Rincon,30.2808018361982,setback_1000,0.05060101899048,4.8057581,22.100335,234164.385552421
600,Rincon,30.2808018361982,setback_2500,0.167768436798926,4.8057581,22.100335,234164.385552421
600,Rincon,30.2808018361982,setback_5280,0.541871935346667,4.8057581,22.100335,234164.385552421
601,Rincon Creek (ABD),36.7594699726481,setback_1000,0,4.8057581,22.100335,0
601,Rincon Creek (ABD),36.7594699726481,setback_2500,0,4.8057581,22.100335,0
601,Rincon Creek (ABD),36.7594699726481,setback_5280,0.842655332074052,4.8057581,22.100335,0
602,Rio Bravo,55.5148033663634,setback_1000,0.220982936934801,16.09738,20.31043,248179.26398
602,Rio Bravo,55.5148033663634,setback_2500,0.611676052052561,16.09738,20.31043,248179.26398
602,Rio Bravo,55.5148033663634,setback_5280,0.936712467207841,16.09738,20.31043,248179.26398
608,Rio Viejo,17.6638010711156,setback_1000,0.0512576241935155,0.0254972,14.83667,83141.2540002944
608,Rio Viejo,17.6638010711156,setback_2500,0.2202529482202,0.0254972,14.83667,83141.2540002944
608,Rio Viejo,17.6638010711156,setback_5280,0.731266542041985,0.0254972,14.83667,83141.2540002944
614,Riverdale,21.7012413159421,setback_1000,0.428626612818451,16.09738,20.31043,51389.1033575602
614,Riverdale,21.7012413159421,setback_2500,0.807157996512052,16.09738,20.31043,51389.1033575602
614,Riverdale,21.7012413159421,setback_5280,0.948108864737582,16.09738,20.31043,51389.1033575602
617,Rose,20.6918812547355,setback_1000,0.15284705993516,5.318635,32.36736,271221.332757526
617,Rose,20.6918812547355,setback_2500,0.510802399950198,5.318635,32.36736,271221.332757526
617,Rose,20.6918812547355,setback_5280,0.955483464861712,5.318635,32.36736,271221.332757526
618,Rosecrans,31.2901618974048,setback_1000,0.773345952772699,3.239153,24.47657,147640.168900763
618,Rosecrans,31.2901618974048,setback_2500,1,3.239153,24.47657,147640.168900763
618,Rosecrans,31.2901618974048,setback_5280,1,3.239153,24.47657,147640.168900763
620,Rosecrans  East,36.7594699726481,setback_1000,1,3.239153,24.47657,0
620,Rosecrans  East,36.7594699726481,setback_2500,1,3.239153,24.47657,0
620,Rosecrans  East,36.7594699726481,setback_5280,1,3.239153,24.47657,0
622,Rosecrans  South,23.7199614383553,setback_1000,0.603574016966118,3.239153,24.47657,8275.1580891531
622,Rosecrans  South,23.7199614383553,setback_2500,1,3.239153,24.47657,8275.1580891531
622,Rosecrans  South,23.7199614383553,setback_5280,1,3.239153,24.47657,8275.1580891531
624,Rosedale,20.1872012241322,setback_1000,0.762402000831375,16.09738,20.31043,12755
624,Rosedale,20.1872012241322,setback_2500,0.935336005157839,16.09738,20.31043,12755
624,Rosedale,20.1872012241322,setback_5280,1,16.09738,20.31043,12755
626,Rosedale Ranch,52.9914032133469,setback_1000,0.440777071513972,8.015293,16.1661,118136.121835968
626,Rosedale Ranch,52.9914032133469,setback_2500,0.806869017586046,8.015293,16.1661,118136.121835968
626,Rosedale Ranch,52.9914032133469,setback_5280,0.996419311036851,8.015293,16.1661,118136.121835968
628,Round Mountain,138.712943018414,setback_1000,0.0389816079532264,12.2720623333333,25.9037366666667,2591303.77585887
628,Round Mountain,138.712943018414,setback_2500,0.104847521248267,12.2720623333333,25.9037366666667,2591303.77585887
628,Round Mountain,138.712943018414,setback_5280,0.180238477992562,12.2720623333333,25.9037366666667,2591303.77585887
632,Russell Ranch,37.8510022952478,setback_1000,0.022642314785282,7.64005775,21.228505,45942.9379461635
632,Russell Ranch,37.8510022952478,setback_2500,0.0945672380736981,7.64005775,21.228505,45942.9379461635
632,Russell Ranch,37.8510022952478,setback_5280,0.30310533924017,7.64005775,21.228505,45942.9379461635
640,Salt Lake,21.1965612853388,setback_1000,0.999835777581232,2.390623,14.9211,39164.3734371692
640,Salt Lake,21.1965612853388,setback_2500,1,2.390623,14.9211,39164.3734371692
640,Salt Lake,21.1965612853388,setback_5280,1,2.390623,14.9211,39164.3734371692
642,Salt Lake  South,60.0569236417932,setback_1000,1,3.0912935,19.514425,9681.45190609323
642,Salt Lake  South,60.0569236417932,setback_2500,1,3.0912935,19.514425,9681.45190609323
642,Salt Lake  South,60.0569236417932,setback_5280,1,3.0912935,19.514425,9681.45190609323
644,San Ardo,154.972335606654,setback_1000,0.0506205964309188,11.423578,23.52795,7322151.53168054
644,San Ardo,154.972335606654,setback_2500,0.208013424105049,11.423578,23.52795,7322151.53168054
644,San Ardo,154.972335606654,setback_5280,0.528784074699396,11.423578,23.52795,7322151.53168054
648,San Emidio Nose,36.7594699726481,setback_1000,0.0454606626845679,3.327977,28.89954,14257.4662077198
648,San Emidio Nose,36.7594699726481,setback_2500,0.215936326701324,3.327977,28.89954,14257.4662077198
648,San Emidio Nose,36.7594699726481,setback_5280,0.736509477210333,3.327977,28.89954,14257.4662077198
654,San Joaquin,36.7594699726481,setback_1000,0.166389433966399,8.015293,16.1661,1970
654,San Joaquin,36.7594699726481,setback_2500,0.601501178827,8.015293,16.1661,1970
654,San Joaquin,36.7594699726481,setback_5280,0.997093409204129,8.015293,16.1661,1970
658,San Miguelito,33.3088820198181,setback_1000,0.116278275642973,9.586019,29.364,358963.854522716
658,San Miguelito,33.3088820198181,setback_2500,0.308146830781212,9.586019,29.364,358963.854522716
658,San Miguelito,33.3088820198181,setback_5280,0.743686402396736,9.586019,29.364,358963.854522716
660,Sansinena,21.1965612853388,setback_1000,0.911049318200533,2.390623,14.9211,173530.2
660,Sansinena,21.1965612853388,setback_2500,0.999989267945745,2.390623,14.9211,173530.2
660,Sansinena,21.1965612853388,setback_5280,1,2.390623,14.9211,173530.2
662,Santa Clara Avenue,21.7012413159421,setback_1000,0.395474076021233,4.8057581,22.100335,33888.0724108496
662,Santa Clara Avenue,21.7012413159421,setback_2500,0.639167137506169,4.8057581,22.100335,33888.0724108496
662,Santa Clara Avenue,21.7012413159421,setback_5280,1,4.8057581,22.100335,33888.0724108496
666,Santa Fe Springs,65.6084039784295,setback_1000,0.670252607010861,2.4974755,18.74963,780032.823506776
666,Santa Fe Springs,65.6084039784295,setback_2500,0.983425340117081,2.4974755,18.74963,780032.823506776
666,Santa Fe Springs,65.6084039784295,setback_5280,1,2.4974755,18.74963,780032.823506776
668,Santa Maria Valley,32.8042019892147,setback_1000,0.261581164279847,2.268083,14.00024,125743.0032
668,Santa Maria Valley,32.8042019892147,setback_2500,0.525002049893153,2.268083,14.00024,125743.0032
668,Santa Maria Valley,32.8042019892147,setback_5280,0.821955092333562,2.268083,14.00024,125743.0032
670,Santa Paula (ABD),36.7594699726481,setback_1000,0.00637269377963191,4.8057581,22.100335,0
670,Santa Paula (ABD),36.7594699726481,setback_2500,0.0781027297016115,4.8057581,22.100335,0
670,Santa Paula (ABD),36.7594699726481,setback_5280,0.32257278893675,4.8057581,22.100335,0
672,Santa Susana,29.7761218055949,setback_1000,0,4.8057581,22.100335,8894.4465549196
672,Santa Susana,29.7761218055949,setback_2500,0,4.8057581,22.100335,8894.4465549196
672,Santa Susana,29.7761218055949,setback_5280,0,4.8057581,22.100335,8894.4465549196
674,San Vicente,21.1965612853388,setback_1000,0.829379617273354,3.0912935,19.514425,189938.434965455
674,San Vicente,21.1965612853388,setback_2500,1,3.0912935,19.514425,189938.434965455
674,San Vicente,21.1965612853388,setback_5280,1,3.0912935,19.514425,189938.434965455
676,Sargent,24.2246414689586,setback_1000,0,4.635805,13.59492,22663.6
676,Sargent,24.2246414689586,setback_2500,0,4.635805,13.59492,22663.6
676,Sargent,24.2246414689586,setback_5280,0,4.635805,13.59492,22663.6
678,Saticoy,23.215281407752,setback_1000,0.260671662672108,9.586019,29.364,31930.3921434539
678,Saticoy,23.215281407752,setback_2500,0.685471291347699,9.586019,29.364,31930.3921434539
678,Saticoy,23.215281407752,setback_5280,0.999952823018287,9.586019,29.364,31930.3921434539
680,Saugus (ABD),36.7594699726481,setback_1000,0.559785354267309,0.0254972,14.83667,0
680,Saugus (ABD),36.7594699726481,setback_2500,1,0.0254972,14.83667,0
680,Saugus (ABD),36.7594699726481,setback_5280,1,0.0254972,14.83667,0
682,Sawtelle,21.1965612853388,setback_1000,0.866126875770342,11.76706,26.12805,141287.131147668
682,Sawtelle,21.1965612853388,setback_2500,1,11.76706,26.12805,141287.131147668
682,Sawtelle,21.1965612853388,setback_5280,1,11.76706,26.12805,141287.131147668
688,Seal Beach,30.2808018361982,setback_1000,0.553406545939148,2.390623,14.9211,378789.848076773
688,Seal Beach,30.2808018361982,setback_2500,0.829676771177391,2.390623,14.9211,378789.848076773
688,Seal Beach,30.2808018361982,setback_5280,0.993920472883189,2.390623,14.9211,378789.848076773
690,Semitropic,29.7761218055949,setback_1000,0.0448237595636702,4.323306,30.63345,27302.5883382522
690,Semitropic,29.7761218055949,setback_2500,0.215980613439359,4.323306,30.63345,27302.5883382522
690,Semitropic,29.7761218055949,setback_5280,0.54486755043916,4.323306,30.63345,27302.5883382522
694,Sespe,27.7574016831817,setback_1000,0.00508146220100546,4.8057581,22.100335,327648.8
694,Sespe,27.7574016831817,setback_2500,0.0226204965385065,4.8057581,22.100335,327648.8
694,Sespe,27.7574016831817,setback_5280,0.0817115544615282,4.8057581,22.100335,327648.8
696,Seventh Standard,36.7594699726481,setback_1000,0,16.09738,20.31043,0
696,Seventh Standard,36.7594699726481,setback_2500,0,16.09738,20.31043,0
696,Seventh Standard,36.7594699726481,setback_5280,0.0470745558490169,16.09738,20.31043,0
699,Shafter  North,22.7106013771487,setback_1000,0.346762925941976,4.172484,23.2804,502510.247692428
699,Shafter  North,22.7106013771487,setback_2500,0.685179805953033,4.172484,23.2804,502510.247692428
699,Shafter  North,22.7106013771487,setback_5280,0.934900910405293,4.172484,23.2804,502510.247692428
708,Shiells Canyon,29.7761218055949,setback_1000,0.070868619614309,9.586019,29.364,55150.2481217772
708,Shiells Canyon,29.7761218055949,setback_2500,0.229106581834105,9.586019,29.364,55150.2481217772
708,Shiells Canyon,29.7761218055949,setback_5280,0.514982643638524,9.586019,29.364,55150.2481217772
710,Simi,36.7594699726481,setback_1000,0.197448875857727,9.586019,29.364,0
710,Simi,36.7594699726481,setback_2500,0.405392727617353,9.586019,29.364,0
710,Simi,36.7594699726481,setback_5280,0.735992613696256,9.586019,29.364,0
711,Sisquoc Ranch (ABD),36.7594699726481,setback_1000,0,2.268083,14.00024,0
711,Sisquoc Ranch (ABD),36.7594699726481,setback_2500,0,2.268083,14.00024,0
711,Sisquoc Ranch (ABD),36.7594699726481,setback_5280,0,2.268083,14.00024,0
714,South Mountain,23.7199614383553,setback_1000,0.164725601090248,4.8057581,22.100335,497235.164368266
714,South Mountain,23.7199614383553,setback_2500,0.414909671537619,4.8057581,22.100335,497235.164368266
714,South Mountain,23.7199614383553,setback_5280,0.759579820721187,4.8057581,22.100335,497235.164368266
716,Stockdale,16.654441009909,setback_1000,0.711341400039701,8.015293,16.1661,108760.8
716,Stockdale,16.654441009909,setback_2500,0.999554571527369,8.015293,16.1661,108760.8
716,Stockdale,16.654441009909,setback_5280,1,8.015293,16.1661,108760.8
720,Strand,36.7594699726481,setback_1000,0.0557953552360729,9.14688333333333,21.7920233333333,5959.2
720,Strand,36.7594699726481,setback_2500,0.174512336267482,9.14688333333333,21.7920233333333,5959.2
720,Strand,36.7594699726481,setback_5280,0.39717586760077,9.14688333333333,21.7920233333333,5959.2
726,Summerland Offshore (ABD),36.7594699726481,setback_1000,0,21.25865,124.9884,0
726,Summerland Offshore (ABD),36.7594699726481,setback_2500,0.00386675124544815,21.25865,124.9884,0
726,Summerland Offshore (ABD),36.7594699726481,setback_5280,0.159644395968691,21.25865,124.9884,0
728,Sunset Beach (ABD),36.7594699726481,setback_1000,0.582094527313138,4.3946845,19.77953,0
728,Sunset Beach (ABD),36.7594699726481,setback_2500,0.976034033412943,4.3946845,19.77953,0
728,Sunset Beach (ABD),36.7594699726481,setback_5280,1,4.3946845,19.77953,0
742,Tapia,31.5025731397132,setback_1000,0.288169099181115,0.0254972,14.83667,14443.2183308158
742,Tapia,31.5025731397132,setback_2500,0.656725791173986,0.0254972,14.83667,14443.2183308158
742,Tapia,31.5025731397132,setback_5280,0.971460843956694,0.0254972,14.83667,14443.2183308158
744,Tapo  North,36.7594699726481,setback_1000,0,9.586019,29.364,434.2
744,Tapo  North,36.7594699726481,setback_2500,0,9.586019,29.364,434.2
744,Tapo  North,36.7594699726481,setback_5280,0,9.586019,29.364,434.2
746,Tapo Canyon  South,21.7012413159421,setback_1000,0,0.0254972,14.83667,7853.89766527016
746,Tapo Canyon  South,21.7012413159421,setback_2500,0,0.0254972,14.83667,7853.89766527016
746,Tapo Canyon  South,21.7012413159421,setback_5280,0,0.0254972,14.83667,7853.89766527016
748,Tapo Ridge,36.7594699726481,setback_1000,0,9.586019,29.364,1.2
748,Tapo Ridge,36.7594699726481,setback_2500,0,9.586019,29.364,1.2
748,Tapo Ridge,36.7594699726481,setback_5280,0,9.586019,29.364,1.2
750,Taylor Canyon (ABD),36.7594699726481,setback_1000,0,16.09738,20.31043,0
750,Taylor Canyon (ABD),36.7594699726481,setback_2500,0,16.09738,20.31043,0
750,Taylor Canyon (ABD),36.7594699726481,setback_5280,0,16.09738,20.31043,0
752,Tejon,77.2160446823055,setback_1000,0.0271048151117366,1.6767371,21.868105,259909.373251725
752,Tejon,77.2160446823055,setback_2500,0.132637291174265,1.6767371,21.868105,259909.373251725
752,Tejon,77.2160446823055,setback_5280,0.420623362912051,1.6767371,21.868105,259909.373251725
756,Tejon Hills,30.7854818668015,setback_1000,0.0315916732589897,0.0254972,14.83667,8920.94299055782
756,Tejon Hills,30.7854818668015,setback_2500,0.136395673210561,0.0254972,14.83667,8920.94299055782
756,Tejon Hills,30.7854818668015,setback_5280,0.425956112019035,0.0254972,14.83667,8920.94299055782
758,Tejon  North,86.8049652637683,setback_1000,0.0272872252082545,1.6767371,21.868105,31153.6112774074
758,Tejon  North,86.8049652637683,setback_2500,0.152061768686579,1.6767371,21.868105,31153.6112774074
758,Tejon  North,86.8049652637683,setback_5280,0.484159104585655,1.6767371,21.868105,31153.6112774074
759,Temblor East (ABD),36.7594699726481,setback_1000,0,8.947771125,21.1232225,0
759,Temblor East (ABD),36.7594699726481,setback_2500,0,8.947771125,21.1232225,0
759,Temblor East (ABD),36.7594699726481,setback_5280,0,8.947771125,21.1232225,0
760,Temblor Hills,36.7594699726481,setback_1000,0,16.09738,20.31043,0
760,Temblor Hills,36.7594699726481,setback_2500,0,16.09738,20.31043,0
760,Temblor Hills,36.7594699726481,setback_5280,0,16.09738,20.31043,0
762,Temblor Ranch,36.7594699726481,setback_1000,0,8.947771125,21.1232225,496
762,Temblor Ranch,36.7594699726481,setback_2500,0,8.947771125,21.1232225,496
762,Temblor Ranch,36.7594699726481,setback_5280,0,8.947771125,21.1232225,496
764,Temescal,21.1965612853388,setback_1000,0.0513650044133082,0.0254972,14.83667,59721.2
764,Temescal,21.1965612853388,setback_2500,0.212913375773633,0.0254972,14.83667,59721.2
764,Temescal,21.1965612853388,setback_5280,0.579537193314354,0.0254972,14.83667,59721.2
766,Ten Section,50.4680030603304,setback_1000,0,16.09738,20.31043,67071.3600895303
766,Ten Section,50.4680030603304,setback_2500,0,16.09738,20.31043,67071.3600895303
766,Ten Section,50.4680030603304,setback_5280,0,16.09738,20.31043,67071.3600895303
774,Timber Canyon,29.7761218055949,setback_1000,0,4.8057581,22.100335,24992.6
774,Timber Canyon,29.7761218055949,setback_2500,0,4.8057581,22.100335,24992.6
774,Timber Canyon,29.7761218055949,setback_5280,0,4.8057581,22.100335,24992.6
782,Torrance,28.7667617443883,setback_1000,0.807657653900375,2.390623,14.9211,335734.880843635
782,Torrance,28.7667617443883,setback_2500,0.918779524888694,2.390623,14.9211,335734.880843635
782,Torrance,28.7667617443883,setback_5280,0.96804068868612,2.390623,14.9211,335734.880843635
784,Torrey Canyon,23.7199614383553,setback_1000,0,9.586019,29.364,93019.9228683938
784,Torrey Canyon,23.7199614383553,setback_2500,0,9.586019,29.364,93019.9228683938
784,Torrey Canyon,23.7199614383553,setback_5280,0.0936191762425183,9.586019,29.364,93019.9228683938
794,Tulare Lake,36.7594699726481,setback_1000,0,3.327977,28.89954,454.4
794,Tulare Lake,36.7594699726481,setback_2500,0,3.327977,28.89954,454.4
794,Tulare Lake,36.7594699726481,setback_5280,0,3.327977,28.89954,454.4
798,Union Avenue,24.7293214995619,setback_1000,0.931416786400045,16.09738,20.31043,5812.4
798,Union Avenue,24.7293214995619,setback_2500,1,16.09738,20.31043,5812.4
798,Union Avenue,24.7293214995619,setback_5280,1,16.09738,20.31043,5812.4
800,Turk Anticline (ABD),36.7594699726481,setback_1000,0,8.015293,16.1661,0
800,Turk Anticline (ABD),36.7594699726481,setback_2500,0,8.015293,16.1661,0
800,Turk Anticline (ABD),36.7594699726481,setback_5280,0,8.015293,16.1661,0
804,Union Station (ABD),36.7594699726481,setback_1000,0.421538336455087,2.390623,14.9211,0
804,Union Station (ABD),36.7594699726481,setback_2500,0.990626359010805,2.390623,14.9211,0
804,Union Station (ABD),36.7594699726481,setback_5280,1,2.390623,14.9211,0
806,Vallecitos,26.2433615913718,setback_1000,0,11.1254245,17.2161025,160118
806,Vallecitos,26.2433615913718,setback_2500,0,11.1254245,17.2161025,160118
806,Vallecitos,26.2433615913718,setback_5280,0,11.1254245,17.2161025,160118
808,Valpredo,36.7594699726481,setback_1000,0,0.0254972,14.83667,0
808,Valpredo,36.7594699726481,setback_2500,0.00685226278545708,0.0254972,14.83667,0
808,Valpredo,36.7594699726481,setback_5280,0.984251357189669,0.0254972,14.83667,0
809,Van Ness Slough,36.7594699726481,setback_1000,0.112476988596568,16.09738,20.31043,0
809,Van Ness Slough,36.7594699726481,setback_2500,0.458544940875641,16.09738,20.31043,0
809,Van Ness Slough,36.7594699726481,setback_5280,0.995564015640391,16.09738,20.31043,0
812,Venice Beach (ABD),36.7594699726481,setback_1000,0.248879075186314,2.390623,14.9211,0
812,Venice Beach (ABD),36.7594699726481,setback_2500,0.49752017444,2.390623,14.9211,0
812,Venice Beach (ABD),36.7594699726481,setback_5280,0.974028889150658,2.390623,14.9211,0
814,Ventura,29.7761218055949,setback_1000,0.0879247978935195,4.8057581,22.100335,4245445.67749232
814,Ventura,29.7761218055949,setback_2500,0.236169060603693,4.8057581,22.100335,4245445.67749232
814,Ventura,29.7761218055949,setback_5280,0.522259013718701,4.8057581,22.100335,4245445.67749232
820,Walnut,36.7594699726481,setback_1000,0.687722067527421,2.390623,14.9211,6315.2
820,Walnut,36.7594699726481,setback_2500,0.997503571558769,2.390623,14.9211,6315.2
820,Walnut,36.7594699726481,setback_5280,1,2.390623,14.9211,6315.2
822,Wasco,36.7594699726481,setback_1000,0.0697725933179128,3.327977,28.89954,0
822,Wasco,36.7594699726481,setback_2500,0.270068566462456,3.327977,28.89954,0
822,Wasco,36.7594699726481,setback_5280,0.634960861035235,3.327977,28.89954,0
824,Wayside Canyon,28.262081713785,setback_1000,0.164721115516367,3.239153,24.47657,10454.9391516296
824,Wayside Canyon,28.262081713785,setback_2500,0.47673156632948,3.239153,24.47657,10454.9391516296
824,Wayside Canyon,28.262081713785,setback_5280,0.93441815722262,3.239153,24.47657,10454.9391516296
826,Welcome Valley,36.7594699726481,setback_1000,0,9.7126785,24.604985,0
826,Welcome Valley,36.7594699726481,setback_2500,0,9.7126785,24.604985,0
826,Welcome Valley,36.7594699726481,setback_5280,0,9.7126785,24.604985,0
830,West Mountain,20.1872012241322,setback_1000,0.0140975503080538,9.586019,29.364,10545.6882693365
830,West Mountain,20.1872012241322,setback_2500,0.199216407366753,9.586019,29.364,10545.6882693365
830,West Mountain,20.1872012241322,setback_5280,0.824198909388001,9.586019,29.364,10545.6882693365
831,Westhaven (ABD),36.7594699726481,setback_1000,0,16.09738,20.31043,0
831,Westhaven (ABD),36.7594699726481,setback_2500,0,16.09738,20.31043,0
831,Westhaven (ABD),36.7594699726481,setback_5280,0,16.09738,20.31043,0
832,Wheeler Ridge,27.7574016831817,setback_1000,0,3.327977,28.89954,67772.2180563983
832,Wheeler Ridge,27.7574016831817,setback_2500,0,3.327977,28.89954,67772.2180563983
832,Wheeler Ridge,27.7574016831817,setback_5280,0.0158641947910475,3.327977,28.89954,67772.2180563983
834,White Wolf,16.1497609793057,setback_1000,0,0.0254972,14.83667,11310.8
834,White Wolf,16.1497609793057,setback_2500,0,0.0254972,14.83667,11310.8
834,White Wolf,16.1497609793057,setback_5280,0,0.0254972,14.83667,11310.8
836,Whittier,22.2059213465454,setback_1000,0.580838749591262,2.390623,14.9211,83440
836,Whittier,22.2059213465454,setback_2500,0.903924653576363,2.390623,14.9211,83440
836,Whittier,22.2059213465454,setback_5280,1,2.390623,14.9211,83440
849,Wilmington,37.3463222646445,setback_1000,0.301637692058769,8.128568,21.19552,10190089.1985798
849,Wilmington,37.3463222646445,setback_2500,0.454533133493678,8.128568,21.19552,10190089.1985798
849,Wilmington,37.3463222646445,setback_5280,0.649061558604495,8.128568,21.19552,10190089.1985798
856,Yorba Linda (ABD),36.7594699726481,setback_1000,0.595141427032425,4.33283366666667,17.2818933333333,0
856,Yorba Linda (ABD),36.7594699726481,setback_2500,0.893268894332257,4.33283366666667,17.2818933333333,0
856,Yorba Linda (ABD),36.7594699726481,setback_5280,1,4.33283366666667,17.2818933333333,0
858,Yowlumne,61.5709637336031,setback_1000,0,3.327977,28.89954,137858.353296907
858,Yowlumne,61.5709637336031,setback_2500,0,3.327977,28.89954,137858.353296907
858,Yowlumne,61.5709637336031,setback_5280,0,3.327977,28.89954,137858.353296907
860,Zaca,43.4024826318841,setback_1000,0.0787687337991795,2.268083,14.00024,189249.4
860,Zaca,43.4024826318841,setback_2500,0.240760296300782,2.268083,14.00024,189249.4
860,Zaca,43.4024826318841,setback_5280,0.540394075112901,2.268083,14.00024,189249.4
